事件事件||关键词||概念名称
2017-09-09 20:03:03||阿里,年会,阿里巴巴,会上,马云||阿里
2017-09-08 09:19:29||雄安,战略部署,国家级新区,雄县,安新县||雄安新区
2017-09-05 11:27:55||融资,代币,发行,ico,非法||区块链
2017-09-05 09:21:57||引力波,光子,技术,通信,验收,量子||量子通信
2017-09-04 10:36:32||乔布斯,发布会,供应商,苹果,iphone||苹果
2017-08-28 11:34:02||大盘,低吸,上周,方向,个股,优质||HS300,上证180,深证100R
2017-08-28 19:11:44||证券,东方,券商,浙商||参股券商
2017-08-31 06:16:09||列车,公里,4000,科工,高速,飞行,时速,速度,中国航天,研究||铁路基建,低空飞行
2017-09-06 21:32:00||价格,生猪,猪肉,波动||猪肉
2017-08-30 08:58:51||建设,集体,租赁,用地,峰会,新政,厦门||自贸区
2017-08-28 14:16:19||王健林,万达,谣言,相关,集团||万达私有化
2017-09-13 05:02:46||广州,亚冠,恒大,上港,拉特,点球||恒大
2017-09-13 09:24:26||盗号,隐私,数据,安全,感知,态势,网络安全,工信部||网络安全
2017-09-13 12:58:10||重点,创业板,拉锯,跳水||创业板综
2017-09-16 10:32:00||芯片,板块,汽车,爆发,开启,新能源||新能源,汽车电子,特斯拉
2017-09-21 11:55:26||名单,一流,高校,建设,公布,学科||高校
2017-09-22 15:28:56||下调,主权,信用,评级,标普||征信
2017-09-25 13:58:09||通信,5g,光通信,第五代,宽带提速||5G
2017-09-27 09:09:34||城市轨道,交通部,智慧,驾驶,产业,交通系统,交通,无人驾驶,力推,智能||智能交通
2017-10-10 09:26:41||人工智能,视觉,自控,万讯||人工智能